miscData,1,,
arcForm,numModes,
undirected,1
,
arcs,12,,
index,fromNode,toNode,mode_1,
1,1,2,0.004414146891876726
2,1,3,0.009045376311407007
3,1,4,0.010860238838145355
4,2,3,0.004696069077455067
5,2,4,0.006889472432039833
6,2,5,0.009316180262807163
7,3,4,0.004875226957471909
8,3,5,0.004735402643618533
9,3,6,0.009648400227669118
10,4,5,0.006936150376996054
11,4,6,0.0103638118601681
12,5,6,0.004505106783847877
,
