hospitals,3,,
index,x,y,
1,0.20402371675695152,0.2623309556025668
2,0.2772208988574219,0.27880073685224305
3,0.18757169822722028,0.2211760377535801
,
