stations,1,,
index,x,y,capacity,
1,0.15910938905670605,0.2331026678474331,5
,
